1,Tomasine,Kimmons,tkimmons0@wordpress.com,Female,171.244.84.34
2,Aleksandr,Rahl,arahl1@addthis.com,Male,106.155.134.164
3,Umberto,Ruler,uruler2@opera.com,Male,161.41.134.166
4,Olly,Shawcross,oshawcross3@boston.com,Male,111.73.190.196
5,Wanids,Dubber,wdubber4@example.com,Female,118.207.101.159
6,Prentice,Orteaux,porteaux5@goo.ne.jp,Male,72.32.138.116
7,Jacqui,Swiffen,jswiffen6@nih.gov,Female,88.193.156.137
8,Cassi,Hafner,chafner7@google.pl,Female,203.75.34.63
9,Malinda,Ciani,mciani8@cdbaby.com,Female,231.8.173.214
10,Donnell,Awcoate,dawcoate9@xing.com,Male,10.11.125.242
